{"train/loss": 0.8089, "train/grad_norm": 0.13004566729068756, "train/learning_rate": 4.1508040417248535e-09, "train/epoch": 14.969072164948454, "train/global_step": 1815, "_timestamp": 1716385772.823114, "_runtime": 17353.14025092125, "_step": 184, "eval/loss": 1.1277905702590942, "eval/runtime": 44.2412, "eval/samples_per_second": 5.493, "eval/steps_per_second": 1.379, "train_runtime": 17364.6852, "train_samples_per_second": 1.674, "train_steps_per_second": 0.105, "total_flos": 1.215992787340247e+18, "train_loss": 0.9168610310094744, "_wandb": {"runtime": 17353}}